experiment_name,train_time,dataset,test_acc,inside_labels,unknown_labels,epochs,pred_std__bal_acc,pred_std__f1_score,pred_std__auc,entropy__bal_acc,entropy__f1_score,entropy__auc,entropy_expectation__bal_acc,entropy_expectation__f1_score,entropy_expectation__auc,classifier__bal_acc,classifier__f1_score,classifier__auc
1.1,132.307475566864,mnist,0.9936133628101204,"[0, 1, 4, 8]","[7, 9]",100.0,0.8240835950371095,0.8355737904663584,0.8778582145337527,0.8267299224018915,0.8357773707077402,0.8992924094243923,0.8267299224018915,0.835860041385286,0.8992919045119732,0.798300078921339,0.8225601074482118,0.8952305783544549
1.2,135.0145969390869,mnist,0.9926308032424466,"[0, 1, 4, 8]","[7, 9]",100.0,0.8078702435343219,0.8279017068341852,0.8776223573199553,0.8249376793884393,0.8344451124756489,0.8980661665004244,0.8249376793884393,0.8344451124756489,0.8980667029698697,0.73570844710518,0.7853786651077962,0.8918179699844715
1.3,132.73018646240234,mnist,0.9931220830262835,"[0, 1, 4, 8]","[7, 9]",100.0,0.7940791076147327,0.8169830495039684,0.8672085702319291,0.8138770807934835,0.8250439816930835,0.8856384415575235,0.8138770807934835,0.8250439816930835,0.8856378104169995,0.7417202298163542,0.7885321905796057,0.8794067178092455
1.4,135.3495032787323,mnist,0.9928764431343651,"[0, 1, 4, 8]","[7, 9]",100.0,0.7919300435413953,0.8155426594938475,0.854035752343488,0.8042947777436129,0.8189979582347695,0.8629790451247803,0.8042947777436129,0.8189979582347695,0.8629806545331163,0.7204688923215654,0.7763031546380157,0.8638654504336314
1.5,122.65564703941345,mnist,0.9928764431343651,"[0, 1, 4, 8]","[7, 9]",100.0,0.8138251517572683,0.8347830576959183,0.8825815755438602,0.8380957910661022,0.8459935599657781,0.9047993629520007,0.8380957910661022,0.8459935599657781,0.9047991104957911,0.7449583018523976,0.7920592296830015,0.8960864680189735
2.1,131.76000714302063,mnist,0.9875498007968128,"[2, 4, 7, 8]","[3, 6]",100.0,0.8936845282877772,0.888719733280393,0.9162221259384773,0.9028343539282581,0.9018923171356757,0.9623739231321725,0.9028343539282581,0.9018923171356757,0.9623739541336646,0.8793660361421022,0.8868862237921491,0.9619741588923191
2.2,135.39048027992249,mnist,0.9877988047808764,"[2, 4, 7, 8]","[3, 6]",100.0,0.8831879721988161,0.8771954275261183,0.9024693990472374,0.8914375714521916,0.889227557806208,0.9554458957000682,0.8914375714521916,0.889227557806208,0.955445709691116,0.8752929637032504,0.8815391243460553,0.9551964576951159
2.3,132.91700839996338,mnist,0.9897908366533864,"[2, 4, 7, 8]","[3, 6]",100.0,0.8932412316107592,0.8878539720699047,0.9158658877934477,0.9056072838585467,0.9053521881070145,0.9619514037971619,0.9056072838585467,0.9053521881070145,0.9619501947389724,0.8839766233691443,0.8902641145731366,0.9614781350196824
2.4,135.18014454841614,mnist,0.9882968127490039,"[2, 4, 7, 8]","[3, 6]",100.0,0.8876575820313077,0.877983539561046,0.9003620416243394,0.9078439460353049,0.9079077275241754,0.9668964207909397,0.9078439460353049,0.9079077275241754,0.9668959867700513,0.9056330002624249,0.9064051753259661,0.966785962474802
2.5,125.9242594242096,mnist,0.9895418326693227,"[2, 4, 7, 8]","[3, 6]",100.0,0.8788254369517678,0.8749811618101652,0.9058563430540785,0.8836239776139295,0.8840106521653089,0.9493649530364598,0.8837552087011595,0.8840106521653089,0.9493658830812209,0.8663884441859513,0.8739207465669216,0.9486054474829765
3.1,134.37277841567993,mnist,0.9904378459989934,"[2, 3, 6, 8]","[0, 5]",100.0,0.8409147024012822,0.835958141784444,0.8853665217752658,0.8436945194584693,0.8434518812617744,0.9226852247844015,0.8435526998530074,0.8434518812617744,0.922682589697744,0.8160753545823263,0.8330235109017899,0.9220631928914933
3.2,138.5144600868225,mnist,0.9921992954202316,"[2, 3, 6, 8]","[0, 5]",100.0,0.8433537542924863,0.8467602147949882,0.893388815941075,0.8439024784959785,0.8480608429081252,0.9189542146726957,0.8439024784959785,0.8479590022577114,0.9189541540959909,0.8045452645200628,0.8259889140682194,0.9165070066651335
3.3,136.17816042900085,mnist,0.9896829391041772,"[2, 3, 6, 8]","[0, 5]",100.0,0.8691663186998659,0.8671037019624792,0.9064138372701325,0.8697143715559685,0.8681130391233843,0.9307421688253377,0.8697143715559685,0.868218856530299,0.930741623634995,0.8116146693937738,0.8318133579088262,0.9302215726245633
3.4,134.6297836303711,mnist,0.9924509310518369,"[2, 3, 6, 8]","[0, 5]",100.0,0.8501277300393095,0.8493855563179781,0.9028761577116932,0.8519352241116933,0.8499224659598068,0.9244444025792106,0.8519352241116933,0.8500166605738698,0.924443705947106,0.7960056669786002,0.8201661739913793,0.9239208078315502
3.5,132.48830819129944,mnist,0.9914443885254152,"[2, 3, 6, 8]","[0, 5]",100.0,0.8661933376682638,0.8662394878617982,0.9117415887428129,0.8690860273968007,0.8681139684639185,0.9344766015208629,0.8690860273968007,0.8683444863377806,0.9344759957538151,0.799370061023547,0.8248935317708183,0.9338825560655576
4.1,137.52810859680176,mnist,0.985655737704918,"[3, 5, 7, 8]","[2, 4]",100.0,0.8955803997145053,0.887983371403172,0.9123685502526083,0.918729761019426,0.9178201721365997,0.9682934587372791,0.918729761019426,0.9178201721365997,0.9682913879707794,0.9181851308426606,0.9174232921865613,0.9681570705255379
4.2,138.09439969062805,mnist,0.9869364754098361,"[3, 5, 7, 8]","[2, 4]",100.0,0.8765381481593139,0.8677700899925963,0.9016016312117974,0.9168585728646932,0.9168552750555139,0.9692246761572196,0.9168585728646932,0.9168552750555139,0.9692258056662195,0.9165497072142255,0.9154817973210001,0.9690760829732291
4.3,141.7892782688141,mnist,0.9871926229508197,"[3, 5, 7, 8]","[2, 4]",100.0,0.8894081932888112,0.8823844065979417,0.91624995105461,0.9193756950851268,0.9188641513174898,0.9703777165946459,0.9193756950851268,0.9188641513174898,0.9703782499738958,0.9166713546084063,0.9164455110736612,0.9702606241616534
4.4,140.72473549842834,mnist,0.9859118852459017,"[3, 5, 7, 8]","[2, 4]",100.0,0.8731047663921276,0.8602261673028484,0.8835510420097027,0.9200829523246454,0.9189476746335943,0.970702670058875,0.9200829523246454,0.9189476746335943,0.9707022621806252,0.9093173188684508,0.9117724282277204,0.9705076101296375
4.5,128.02809047698975,mnist,0.9853995901639344,"[3, 5, 7, 8]","[2, 4]",100.0,0.8847886503838758,0.8740414982546328,0.9009909747210865,0.922648382462028,0.9233531708031607,0.9742547248616478,0.922648382462028,0.9233531708031607,0.9742557916201476,0.9222383564660072,0.923125999841941,0.9740563391559103
5.1,125.6861743927002,mnist,0.9908184679958028,"[0, 4, 5, 6]","[1, 3]",100.0,0.8900952553459889,0.8943152261694833,0.9348958948387728,0.8998286464114706,0.8993391490339346,0.9687794496154795,0.8998286464114706,0.8993391490339346,0.9687801633489308,0.8654376931346309,0.8775436915810767,0.9657703169417742
5.2,134.64765810966492,mnist,0.9929171038824763,"[0, 4, 5, 6]","[1, 3]",100.0,0.9098566390854759,0.910922899352465,0.961068597830406,0.9118255613661332,0.9123629190126763,0.9742563805824013,0.9118255613661332,0.9123629190126763,0.9742559263883868,0.8934416098382757,0.8998918531020386,0.9721460654210676
5.3,139.10338258743286,mnist,0.992392444910808,"[0, 4, 5, 6]","[1, 3]",100.0,0.879750771368961,0.8862334513146751,0.9349344040027211,0.8845944102556189,0.887934365081972,0.9610130888333417,0.8845944102556189,0.887934365081972,0.9610127644090456,0.859489743461668,0.873097057147014,0.9524999033215598
5.4,135.87370800971985,mnist,0.9905561385099685,"[0, 4, 5, 6]","[1, 3]",100.0,0.9244294219147672,0.9239903614658886,0.9582793599446039,0.9261823832476199,0.9259392976833599,0.9802223811757086,0.9261823832476199,0.9259392976833599,0.9802216349998275,0.9080735584412917,0.9126505604619868,0.9795364508864438
5.5,134.41406965255737,mnist,0.9910807974816369,"[0, 4, 5, 6]","[1, 3]",100.0,0.8794713461357614,0.885627169189548,0.9333022902538528,0.887189078027399,0.8883465382990827,0.9618431608373677,0.887189078027399,0.8883465382990827,0.9618435825889525,0.8617920034095292,0.8744081149551249,0.9561361481596448
6.1,126.21355652809143,mnist,0.991154915339904,"[0, 3, 6, 9]","[1, 5]",100.0,0.7524842297197749,0.7877313404966375,0.8325109342765407,0.7845456400517177,0.8004790631797303,0.8708924725661418,0.7845456400517177,0.8004790631797303,0.8708923467112092,0.7045462552970918,0.764810074476155,0.849927023017357
6.2,141.95041871070862,mnist,0.991154915339904,"[0, 3, 6, 9]","[1, 5]",100.0,0.7971193573673514,0.8199047304553244,0.8777402394465605,0.8246018027297045,0.8302903893779526,0.9043769954299556,0.8246018027297045,0.8302903893779526,0.9043769325024893,0.7395018517355685,0.785919075114209,0.8940500004027357
6.3,142.4673936367035,mnist,0.9919130654536265,"[0, 3, 6, 9]","[1, 5]",100.0,0.7947781391519577,0.8175601582748284,0.8792508762020405,0.823953730459733,0.830944298952036,0.9072788955373855,0.823953730459733,0.830944298952036,0.9072791157835174,0.7461931684196299,0.7902420596942463,0.8978308084316763
6.4,142.55224800109863,mnist,0.9924184988627748,"[0, 3, 6, 9]","[1, 5]",100.0,0.7605708470281413,0.7932153598824906,0.8294789945600465,0.7818535349705842,0.7981086177679229,0.8609852981301985,0.7818535349705842,0.7981086177679229,0.8609850778840665,0.7058076850382325,0.7655850767564875,0.8456620195991371
6.5,141.2292857170105,mnist,0.9921657821582006,"[0, 3, 6, 9]","[1, 5]",100.0,0.7892552771729555,0.812773335172898,0.8629303546491316,0.813167503790099,0.8200082771850401,0.89183199599882,0.813167503790099,0.8200082771850401,0.8918307374494945,0.7246373412246334,0.776917861880171,0.8778211956319276
7.1,138.82686829566956,mnist,0.9899411187438666,"[1, 6, 8, 9]","[3, 4]",100.0,0.8800972526169804,0.8795702974623936,0.9127948992040349,0.8865830624947503,0.8890261629825434,0.9495540353826634,0.8865830624947503,0.8890261629825434,0.949553380231352,0.8690550319909189,0.8783120153434272,0.9486566652723383
7.2,146.42371582984924,mnist,0.9899411187438666,"[1, 6, 8, 9]","[3, 4]",100.0,0.8812670330949802,0.8772162082362239,0.9145291159225978,0.8934058648095031,0.8956966332656505,0.9547297931369094,0.8934058648095031,0.8956966332656505,0.9547305418812653,0.8855716484366382,0.8908255056465426,0.9541821802337481
7.3,149.03552556037903,mnist,0.9896957801766437,"[1, 6, 8, 9]","[3, 4]",100.0,0.8637988364740581,0.8603326466524198,0.8858826560358278,0.8742591297258528,0.8780733995358183,0.9410809322765721,0.8742591297258528,0.8780733995358183,0.9410809946719352,0.8637265662330913,0.8734121247079658,0.9386513192376386
7.4,152.57542991638184,mnist,0.9921491658488715,"[1, 6, 8, 9]","[3, 4]",100.0,0.8824787582986918,0.8794148948131821,0.9090964764589784,0.8934205592648417,0.8951477076315542,0.9526715572984106,0.8934205592648417,0.8951477076315542,0.9526732731708925,0.8791099392443869,0.8869585725681295,0.9515353065409309
7.5,148.33948731422424,mnist,0.9887144259077527,"[1, 6, 8, 9]","[3, 4]",100.0,0.8719211653115901,0.8696559088877802,0.9016507753996548,0.8781205549561999,0.8824664796533676,0.9435927824039086,0.8781205549561999,0.8824664796533676,0.9435919400665085,0.8765058160871486,0.8822572524763085,0.9417412312052686
8.1,145.8227083683014,mnist,0.992661943319838,"[0, 2, 4, 6]","[5, 9]",100.0,0.9323166184262386,0.9315434738293585,0.9553214349869034,0.9333696188769348,0.9338329801354937,0.9789584978751529,0.9333696188769348,0.9339472961769938,0.9789589860091048,0.920568579290742,0.9237537696234468,0.9775651805265795
8.2,150.74914240837097,mnist,0.993421052631579,"[0, 2, 4, 6]","[5, 9]",100.0,0.9311553140880747,0.9297933374831384,0.9561538254081532,0.9326132377652532,0.9333909557606129,0.9786224176493618,0.9326132377652532,0.9333909557606129,0.9786222040907578,0.9265147056134958,0.9285392760737422,0.977647614147684
8.3,144.38591051101685,mnist,0.9919028340080972,"[0, 2, 4, 6]","[5, 9]",100.0,0.915652445234985,0.9152801467055565,0.9466578505607194,0.9187552423571933,0.9200387522919071,0.9719979822983102,0.9187552423571933,0.9200387522919071,0.9719980128066824,0.9087011457909331,0.9127210239747023,0.9697650745526982
8.4,141.38182759284973,mnist,0.9921558704453441,"[0, 2, 4, 6]","[5, 9]",100.0,0.9417452264893238,0.9410419783690092,0.9548695449810555,0.9442254039268982,0.9438344564407976,0.9834576590169567,0.9443355360854885,0.9438344564407976,0.9834570183411451,0.9413627632084987,0.9418746798195029,0.9825778280772696
8.5,132.85855340957642,mnist,0.9946862348178138,"[0, 2, 4, 6]","[5, 9]",100.0,0.9181683222395374,0.9182682280346575,0.9465137290114605,0.9199260003248214,0.9211145423783745,0.9731928121787469,0.9199260003248214,0.921162241626316,0.9731934223461864,0.9037729290057359,0.9090888518684805,0.9707524475036342
9.1,140.51079773902893,mnist,0.9899015400151477,"[2, 5, 7, 9]","[0, 8]",100.0,0.8449056003717231,0.852856574981299,0.9079842108044252,0.8565101474095097,0.8566596291849865,0.928766550983472,0.8565101474095097,0.8566596291849865,0.9287664891813913,0.7896607269336307,0.8191043780228823,0.9263154186612
9.2,139.28240156173706,mnist,0.9906589245140116,"[2, 5, 7, 9]","[0, 8]",100.0,0.8548631155883458,0.8614387769268631,0.9126117652002991,0.863107433503028,0.8634787944713614,0.9354011897518555,0.863107433503028,0.8634787944713614,0.9354011897518554,0.8098021377751567,0.8333424436454214,0.9326847719982189
9.3,147.34415817260742,mnist,0.9893966170159051,"[2, 5, 7, 9]","[0, 8]",100.0,0.8511458881021472,0.85820833888873,0.9067790084288767,0.8597824449920323,0.8603044700302743,0.9310557000522537,0.8597824449920323,0.8603044700302743,0.9310562562709799,0.8116516845258308,0.8346499877505276,0.9271713774787655
9.4,141.5989854335785,mnist,0.9899015400151477,"[2, 5, 7, 9]","[0, 8]",100.0,0.8643308299059875,0.8698145582554903,0.9223173493582009,0.872975686869182,0.8750598445381098,0.9405596549219023,0.872975686869182,0.8750598445381098,0.9405595931198214,0.8245621703034316,0.8437835020280101,0.9391017438384096
9.5,120.79826998710632,mnist,0.9906589245140116,"[2, 5, 7, 9]","[0, 8]",100.0,0.8475652214970744,0.8553305025668776,0.903808893134005,0.8585037574506926,0.8583761845889838,0.9280567849877801,0.8585037574506926,0.8583761845889838,0.9280565686804978,0.7988620240450168,0.825942068772788,0.9259557923536613
10.1,151.37360620498657,mnist,0.9912173700902659,"[1, 2, 6, 8]","[4, 9]",100.0,0.9046608628650358,0.9023666877595676,0.932301060267335,0.9091851316549706,0.9092499649755066,0.9688341114949751,0.9091851316549706,0.9092499649755066,0.9688336747344651,0.8952135070196028,0.9011497272126276,0.9681146109493365
10.2,146.53109526634216,mnist,0.991461332032203,"[1, 2, 6, 8]","[4, 9]",100.0,0.900689642198996,0.8980048369346438,0.9210111754535601,0.9031879361556502,0.9030902107461211,0.9668218934316833,0.9031879361556502,0.9030902107461211,0.9668214878683531,0.8875233032798485,0.8938125298517211,0.9663309746185988
10.3,150.79069781303406,mnist,0.9892656745547694,"[1, 2, 6, 8]","[4, 9]",100.0,0.8815328527750954,0.8797696804211851,0.9177807387367264,0.8867411970947829,0.8891224103234199,0.9590527038907251,0.8867411970947829,0.8891224103234199,0.9590530158625177,0.8667794224944998,0.8777908101142248,0.9583562892577505
10.4,149.41316938400269,mnist,0.9907294462063918,"[1, 2, 6, 8]","[4, 9]",100.0,0.9038082376948813,0.9025605492341264,0.9434037308082753,0.9058486458840644,0.9064565624643447,0.966537063184895,0.9058081929945678,0.9064565624643447,0.9665369071989987,0.8970497072484942,0.9012569031867748,0.9660198139525017
10.5,149.81779384613037,mnist,0.9924371797999512,"[1, 2, 6, 8]","[4, 9]",100.0,0.9061843438435047,0.9041674747174154,0.9322868655507645,0.9113516049016352,0.911481199140399,0.970827704842239,0.9113516049016352,0.911481199140399,0.970827923222494,0.9056484296075598,0.9086440035795037,0.9704741160123267
11.1,145.70233631134033,mnist,0.9943916118019995,"[0, 1, 6, 7]","[3, 9]",100.0,0.9506782638323017,0.9507773039779296,0.9700327679695927,0.9517548768802232,0.9519470539720618,0.9862528500717703,0.9517548768802232,0.9519470539720618,0.9862526615333952,0.942910524776605,0.944663446509476,0.9845770895708112
11.2,159.78069257736206,mnist,0.9936600829066081,"[0, 1, 6, 7]","[3, 9]",100.0,0.9486046073717715,0.948924202490055,0.9714822195743056,0.949963245436826,0.9503031189524873,0.9837501916806813,0.949963245436826,0.9503019128061273,0.9837500031423063,0.9416687123049052,0.9435107197315202,0.9825319823930296
11.3,151.5041105747223,mnist,0.99463545476713,"[0, 1, 6, 7]","[3, 9]",100.0,0.9518867790481476,0.9521044415994331,0.9704787554958936,0.9522236073236261,0.9525377256973971,0.9853050362370758,0.9522236073236261,0.9525377256973971,0.9853042192374503,0.9414059798881531,0.9433901492968211,0.9844339575210471
11.4,151.3707253932953,mnist,0.9948792977322605,"[0, 1, 6, 7]","[3, 9]",100.0,0.9562718018027254,0.9564708049897914,0.9794956661312177,0.9581358153471499,0.9583890889826542,0.989400529667142,0.9580256831885595,0.9583890889826542,0.989400718205517,0.9523362110236557,0.9534111450622018,0.9878954278187115
11.5,149.21551728248596,mnist,0.9943916118019995,"[0, 1, 6, 7]","[3, 9]",100.0,0.9504310064857171,0.9507201109815845,0.9659615959899144,0.9513478445247233,0.9514045496483652,0.9856114425196771,0.9513478445247233,0.9514045496483652,0.98561185101949,0.9425084064828873,0.9446232990885518,0.9841229634713184
12.1,151.62879633903503,mnist,0.9889779559118237,"[2, 6, 7, 8]","[3, 5]",100.0,0.8751608044289261,0.8700086699982965,0.9085000248914781,0.8762986467238882,0.8750732254134408,0.9419159800360585,0.8761681665568736,0.8750732254134408,0.941910733302943,0.838146683791452,0.8524624237111594,0.9416992167481577
12.2,153.03577160835266,mnist,0.9877254509018036,"[2, 6, 7, 8]","[3, 5]",100.0,0.8628501029002817,0.8579352675701505,0.8947991574966787,0.8692392678583412,0.8669804309979222,0.935247748297374,0.8692490155400943,0.8669804309979222,0.9352490294763905,0.8338301584815664,0.8483238279719384,0.9346656964684361
12.3,147.43408155441284,mnist,0.9874749498997996,"[2, 6, 7, 8]","[3, 5]",100.0,0.8395709913537199,0.8387109176682929,0.8844724885718831,0.8415421516655153,0.8423775171460507,0.9197392288229649,0.8415421516655153,0.8423775171460507,0.9197387407547682,0.8145478446569923,0.8323729869259762,0.9185385200503297
12.4,153.73631477355957,mnist,0.9882264529058116,"[2, 6, 7, 8]","[3, 5]",100.0,0.8599663548888634,0.8578911220832598,0.9021874423469444,0.8625530562290818,0.8612654993443485,0.9312339974639976,0.8625530562290818,0.8612654993443485,0.9312326552764565,0.823625387952308,0.8401849749780185,0.9302693916815609
12.5,142.55721592903137,mnist,0.9907314629258517,"[2, 6, 7, 8]","[3, 5]",100.0,0.8432618231867912,0.8454508576204856,0.8992589721576616,0.8472494690534839,0.8474119896207721,0.9251893338552408,0.8472494690534839,0.8475014884599957,0.9251895778893393,0.786951241629015,0.8170757540248078,0.9232705242438115
13.1,150.3087728023529,mnist,0.99352105656616,"[1, 5, 6, 7]","[4, 8]",100.0,0.8872552450222734,0.8934060711196016,0.937186653918056,0.9035372009084144,0.9039292548089121,0.960765443343616,0.9035372009084144,0.9039292548089121,0.9607658760726967,0.8522065157744496,0.8681692730561814,0.9522876933765806
13.2,158.31371927261353,mnist,0.9947670072265138,"[1, 5, 6, 7]","[4, 8]",100.0,0.885956187734107,0.8925565136998952,0.9307890635513966,0.8933610433540056,0.8955070356499706,0.9543922094423589,0.8933610433540056,0.8955070356499706,0.9543915294395178,0.8480641168038523,0.864975576093427,0.948933301179502
13.3,164.04072260856628,mnist,0.9920259157737353,"[1, 5, 6, 7]","[4, 8]",100.0,0.8784370198402627,0.8860631572969861,0.924427266061559,0.8928531304622807,0.8952050033528874,0.9512280325854889,0.8928531304622807,0.8952050033528874,0.9512281562223691,0.8476476513194189,0.8638638993076688,0.9439390821309285
13.4,157.13495898246765,mnist,0.99352105656616,"[1, 5, 6, 7]","[4, 8]",100.0,0.8955916638456055,0.8990719888388867,0.9396693133819675,0.8997136954889724,0.9017561806704085,0.9568101140902586,0.8997136954889724,0.9017561806704085,0.9568105468193393,0.8842887658045948,0.8918277444372845,0.9532306409527507
13.5,163.00103616714478,mnist,0.9930226763020185,"[1, 5, 6, 7]","[4, 8]",100.0,0.877981712042425,0.8851733822262142,0.9303350380180314,0.8908552551565969,0.8928827085283022,0.9526629313080295,0.8908552551565969,0.8928827085283022,0.9526636113108704,0.8534137015962056,0.8681401190562944,0.9462783228137925
14.1,158.0713403224945,mnist,0.989841104454285,"[0, 5, 6, 9]","[2, 3]",100.0,0.842494572180863,0.8535034752732121,0.888388240923943,0.8442966299297695,0.8553349455426983,0.920917531517581,0.8442966299297695,0.8553349455426983,0.9209151284073493,0.8336564160881439,0.8524936026919834,0.9112285388817861
14.2,149.90978074073792,mnist,0.9901015889554572,"[0, 5, 6, 9]","[2, 3]",100.0,0.8344397532062366,0.8477994595687497,0.8815311555968974,0.8360179434930386,0.8519165748700294,0.909676730449639,0.8360179434930386,0.8519165748700294,0.9097713687249496,0.8297794912942804,0.8498642804890038,0.8971414750834465
14.3,151.84841871261597,mnist,0.9895806199531128,"[0, 5, 6, 9]","[2, 3]",100.0,0.8600147396369535,0.8666429964463143,0.8974633969948854,0.8618320256238491,0.8680571699219377,0.9315130342485579,0.8618448689106346,0.8681076441273952,0.9315130974883008,0.8473991470208817,0.8620831528635149,0.926450850925523
14.4,152.8921012878418,mnist,0.9901015889554572,"[0, 5, 6, 9]","[2, 3]",100.0,0.8367732355251454,0.8480460939513979,0.8751113414724149,0.838823624760753,0.8512300678507212,0.9081634666408143,0.838823624760753,0.8512300678507212,0.9081639093190149,0.8274098152068066,0.8473699715074936,0.8999545685686714
14.5,152.10077452659607,mnist,0.9906225579578015,"[0, 5, 6, 9]","[2, 3]",100.0,0.8352462335306127,0.848189025676318,0.8832304074897104,0.8377336163490835,0.8504227696176306,0.914798770189367,0.8377336163490835,0.8504227696176306,0.9147986120900096,0.8157754011671882,0.8391215233278815,0.9045630067361077
15.1,159.34544849395752,mnist,0.9921279212792128,"[1, 3, 5, 7]","[2, 8]",100.0,0.9056555553127739,0.9042195011872298,0.9451512814949986,0.9078061652523859,0.9068935346513417,0.9681098414445584,0.9078061652523859,0.9068935346513417,0.9681099353625248,0.8917053712238933,0.8969531568089977,0.967434508654071
15.2,160.09432649612427,mnist,0.9896678966789668,"[1, 3, 5, 7]","[2, 8]",100.0,0.9205724636253683,0.9187666098737312,0.9481421304414114,0.9242326849194797,0.9229879868497651,0.9736605810955029,0.9242326849194797,0.9229879868497651,0.973659923669738,0.9152138351285524,0.9169567286243409,0.9731349848494666
15.3,166.9831416606903,mnist,0.991389913899139,"[1, 3, 5, 7]","[2, 8]",100.0,0.9211573944427054,0.9203985724847319,0.9369700874407573,0.9234417629112806,0.9225328261392243,0.9736438323914927,0.9234417629112806,0.9225328261392243,0.9736442706753361,0.9114724752631789,0.9141401185412492,0.9729714736699417
15.4,154.2314236164093,mnist,0.9911439114391144,"[1, 3, 5, 7]","[2, 8]",100.0,0.9193176100940066,0.9179697625291362,0.9525684215864811,0.9210724101206,0.9205682842943733,0.9732876015448879,0.9210724101206,0.9206749102213903,0.9732870693430783,0.8940489886963578,0.8999164579777471,0.9725802740338423
15.5,165.9294731616974,mnist,0.9911439114391144,"[1, 3, 5, 7]","[2, 8]",100.0,0.9086774440467811,0.9090537029767798,0.9462109579100373,0.9113676264877173,0.9104087348259108,0.9680918718069849,0.9113676264877173,0.9104087348259108,0.9680894925518357,0.878274045915503,0.8871827386277576,0.9671172850695164
16.1,165.89609932899475,mnist,0.9874749498997996,"[0, 3, 7, 8]","[5, 6]",100.0,0.8703640704196426,0.8711861249168765,0.9161299089280052,0.872425841473647,0.8718554967771049,0.9358206853823086,0.872425841473647,0.8718554967771049,0.9358215589428015,0.8194663682951084,0.8387409355884122,0.934340572679751
16.2,166.21589469909668,mnist,0.9889779559118237,"[0, 3, 7, 8]","[5, 6]",100.0,0.8649342470986602,0.870052771296565,0.9256393378387365,0.8771624652473495,0.8752448333381221,0.9393092341489135,0.8771624652473495,0.8752448333381221,0.9393092341489135,0.8035216526368718,0.8282103076896203,0.9370618341059224
16.3,161.20031094551086,mnist,0.9909819639278558,"[0, 3, 7, 8]","[5, 6]",100.0,0.8438116329654065,0.853520408665516,0.9154637437453068,0.871801196643299,0.8705591401617786,0.9346393002455128,0.871801196643299,0.8705591401617786,0.9346411076120494,0.7546601206559154,0.795541817093735,0.9318631852449489
16.4,156.72102856636047,mnist,0.9872244488977956,"[0, 3, 7, 8]","[5, 6]",100.0,0.8151180555162445,0.8201122024487624,0.8690516856223268,0.8197485947172236,0.8208027663836136,0.896866484291334,0.8197485947172236,0.8208027663836136,0.896865701099168,0.7427768534880197,0.7844327986345238,0.8918066110576128
16.5,159.13462781906128,mnist,0.9912324649298597,"[0, 3, 7, 8]","[5, 6]",100.0,0.8519682084588421,0.8598439301594177,0.9171267619413912,0.8676939087462434,0.8666860996906489,0.9343711171742235,0.8676939087462434,0.8666860996906489,0.9343700327543013,0.7981441916129642,0.8237740790827608,0.9312954914157318
17.1,158.9612512588501,mnist,0.9844025157232704,"[3, 4, 8, 9]","[0, 7]",100.0,0.8054075808029004,0.8065783796514611,0.8338930614072582,0.8145786328713027,0.8245676975424718,0.8805627028524995,0.8145786328713027,0.8245676975424718,0.8805618573891152,0.7999073983980607,0.8181036725297902,0.8773550460855829
17.2,158.4957094192505,mnist,0.9869182389937107,"[3, 4, 8, 9]","[0, 7]",100.0,0.8105715352246928,0.8175975648530994,0.8434401591976238,0.8141707506400532,0.8229536871348031,0.8777783101065753,0.8141889552371097,0.8229536871348031,0.8777791868834184,0.7626400015519037,0.7987707804431636,0.875720577482805
17.3,140.45611691474915,mnist,0.9849056603773585,"[3, 4, 8, 9]","[0, 7]",100.0,0.805196253306196,0.8071174847903922,0.8347935112250922,0.8153055987260491,0.8258699806215509,0.8816962813702143,0.8153055987260491,0.8258699806215509,0.8816964379375076,0.7821998188214145,0.81186004782198,0.8776914465721939
17.4,160.95691919326782,mnist,0.9871698113207548,"[3, 4, 8, 9]","[0, 7]",100.0,0.8272660387259756,0.833134526682475,0.8594187595799612,0.8302451191610942,0.8392480293753387,0.8941632026153001,0.8302613686555543,0.8392480293753387,0.8941620753307875,0.7919986690053691,0.8203638977800453,0.8909346910849016
17.5,165.31792330741882,mnist,0.9859119496855346,"[3, 4, 8, 9]","[0, 7]",100.0,0.78309164988172,0.7841236887569415,0.8134397677793903,0.8021203408494113,0.816479455479991,0.8668652566216223,0.8021203408494113,0.816479455479991,0.8668644737851552,0.7866722552695379,0.812449824002076,0.8632362772681513
18.1,159.06566214561462,mnist,0.986999745093041,"[4, 6, 8, 9]","[1, 2]",100.0,0.8324117635408654,0.8347978704735316,0.8664731829404008,0.8344369362130811,0.8408445576673139,0.9010681318709975,0.8344366764350355,0.8408445576673139,0.9010678059030194,0.7989175060875484,0.8253413815337233,0.8989657036051406
18.2,147.13205933570862,mnist,0.987509559010961,"[4, 6, 8, 9]","[1, 2]",100.0,0.8092137842127318,0.8105538537058035,0.8412937864635929,0.817535713739205,0.8287614370704651,0.8854055660988087,0.817535713739205,0.8287614370704651,0.8854057616795956,0.7769657026610886,0.8096305954275393,0.8806659590988418
18.3,158.10602855682373,mnist,0.9885291868468009,"[4, 6, 8, 9]","[1, 2]",100.0,0.822435500350869,0.8212233774892415,0.8522667487236724,0.83284116410082,0.8420759738493996,0.8949587748297958,0.83284116410082,0.8420759738493996,0.8949575361514785,0.8118252240435394,0.8324278958739821,0.893507989149178
18.4,155.81714797019958,mnist,0.986235024216161,"[4, 6, 8, 9]","[1, 2]",100.0,0.8199208029774046,0.8208450786863895,0.851064774400822,0.8315311783017462,0.8393608275572889,0.8981895412522255,0.8315311783017462,0.8393608275572889,0.8981890848970561,0.8124143851211172,0.832075447620516,0.8962582135781311
18.5,154.79370045661926,mnist,0.9892939077236809,"[4, 6, 8, 9]","[1, 2]",100.0,0.8304273857800224,0.8292791930167999,0.8588645035866258,0.8396927380639855,0.8467129188102542,0.9085729252301171,0.839607726210228,0.8467129188102542,0.908573316391691,0.8221740087950438,0.839915545074745,0.9061259162144948
19.1,171.01150918006897,mnist,0.984915924826904,"[2, 3, 7, 8]","[0, 9]",100.0,0.8678555964585042,0.8654868223191046,0.9087421461977239,0.8694813933149568,0.8702863319305169,0.9413395552876014,0.8694623828168164,0.8702863319305169,0.9413400851286217,0.8407063909514627,0.8549588307426912,0.9401404003902623
19.2,131.0403745174408,mnist,0.9856577645895154,"[2, 3, 7, 8]","[0, 9]",100.0,0.8799064715333047,0.876075588761752,0.91282644128601,0.8844719031361405,0.8865447352106075,0.952109197366902,0.8844719031361405,0.8865447352106075,0.9521098518763976,0.866402702778243,0.8758296694494914,0.9509802308211889
19.3,159.43559408187866,mnist,0.9886251236399605,"[2, 3, 7, 8]","[0, 9]",100.0,0.8930912550252785,0.8912905114623861,0.9294505461351902,0.897798201694083,0.8985829337533984,0.9550346054753895,0.897798201694083,0.8985829337533984,0.9550347924781026,0.8749864683350584,0.8826729517226072,0.9535918795443217
19.4,156.776198387146,mnist,0.9863996043521266,"[2, 3, 7, 8]","[0, 9]",100.0,0.8791860164597876,0.8769881118411432,0.9149933975575452,0.8808316776154959,0.8827863075444999,0.9476317290744586,0.8808316776154959,0.8827863075444999,0.9476315109046268,0.8488446247662269,0.8623203961932798,0.9455968590525646
19.5,159.23318886756897,mnist,0.9896142433234422,"[2, 3, 7, 8]","[0, 9]",100.0,0.8752464507243765,0.8753930382812286,0.9118153799508656,0.8763813780641538,0.8773556032277391,0.9454313304844092,0.8763813780641538,0.8773556032277391,0.9454316733227166,0.8539403655462678,0.8656946763725422,0.9438365090134061
20.1,156.97692894935608,mnist,0.9907361041562344,"[3, 4, 7, 8]","[2, 9]",100.0,0.8440195482539716,0.8415689004550039,0.8841007412758484,0.8450776360630636,0.8478870895520115,0.9190382357900028,0.8451909813569118,0.8478870895520115,0.9190371623008282,0.8173748699215491,0.8347521876316933,0.9174447358301008
20.2,147.29988527297974,mnist,0.9897346019028542,"[3, 4, 7, 8]","[2, 9]",100.0,0.8344438055791598,0.8392430516693136,0.8804134954007303,0.8351610221036609,0.8409711710349228,0.9113809112154994,0.8352668908500638,0.8406674296840334,0.9113789536764163,0.7986401643364451,0.8230963075259767,0.9062274054208677
20.3,172.50596857070923,mnist,0.9902353530295444,"[3, 4, 7, 8]","[2, 9]",100.0,0.8456149689468055,0.8439029013329865,0.8878835592607068,0.8488025300672801,0.8480489828677487,0.9222945389079837,0.8486774112105365,0.8480489828677487,0.9222944126151396,0.8141947775951979,0.833661320169832,0.9205610117572322
20.4,171.65665411949158,mnist,0.9912368552829244,"[3, 4, 7, 8]","[2, 9]",100.0,0.8322693282793585,0.8344095433584175,0.8769387688089513,0.8340396292044883,0.8392403475822968,0.9164914458699398,0.8340396292044883,0.8391326140770081,0.9164909091253526,0.8117496274020608,0.8311199425621825,0.9115515644210326
20.5,162.67111492156982,mnist,0.9887330996494742,"[3, 4, 7, 8]","[2, 9]",100.0,0.8514936458003928,0.852836261876824,0.8983439535090783,0.8542855009583166,0.8570058260875619,0.9322463518733333,0.8542855009583166,0.8570058260875619,0.9322477726678289,0.820744315347331,0.8394661716823255,0.9300100844835982
