experiment_name,train_time,dataset,test_acc,inside_labels,unknown_labels,epochs,pred_std__bal_acc,pred_std__f1_score,pred_std__auc,entropy__bal_acc,entropy__f1_score,entropy__auc,entropy_expectation__bal_acc,entropy_expectation__f1_score,entropy_expectation__auc,variation_ratio__bal_acc,variation_ratio__f1_score,variation_ratio__auc,classifier__bal_acc,classifier__f1_score,classifier__auc
1.1,898.1909873485565,cifar10,0.9225,"[0, 1, 4, 8]","[7, 9]",100.0,0.6936249999999999,0.6669446297531687,0.7132346249999999,0.74925,0.7569646811982748,0.8239524375,0.751375,0.7581471135940409,0.8248984062499999,0.687875,0.7072046757333932,0.69521778125,0.75,0.7579365079365079,0.8242628124999999
1.2,881.617107629776,cifar10,0.921,"[0, 1, 4, 8]","[7, 9]",100.0,0.6875,0.6668333750104193,0.7081272187500001,0.733625,0.7469444149218833,0.80735465625,0.73525,0.7477551020408165,0.8082656562499999,0.669375,0.6989795918367345,0.6794068750000001,0.740625,0.7508547982676087,0.8091535624999999
1.3,882.0984959602356,cifar10,0.9195,"[0, 1, 4, 8]","[7, 9]",100.0,0.6912499999999999,0.6667222268522377,0.70782965625,0.74675,0.758100810081008,0.8217188437499998,0.750125,0.7582143666440063,0.82304478125,0.6752499999999999,0.6993084987731429,0.6835930625,0.7548750000000001,0.7605062082139447,0.8224179375
1.4,883.0323719978333,cifar10,0.92325,"[0, 1, 4, 8]","[7, 9]",100.0,0.6993750000000001,0.6682370443838336,0.719846875,0.7395,0.7535126892495373,0.8169810312500001,0.743625,0.7546615436772517,0.818590875,0.684625,0.7023008849557523,0.6917480624999999,0.7418750000000001,0.7540394973070019,0.81705475
1.5,881.563276052475,cifar10,0.92275,"[0, 1, 4, 8]","[7, 9]",100.0,0.6955,0.6689148500541973,0.7207871875,0.733125,0.7524815882164586,0.813766875,0.736,0.7527027027027027,0.8153634687500001,0.6741250000000001,0.7020954849859582,0.6842317812500001,0.7364999999999999,0.7527586583633781,0.8133992812499999
2.1,880.9410903453827,cifar10,0.87325,"[2, 4, 7, 8]","[3, 6]",100.0,0.637,0.6675603217158177,0.6564749999999999,0.6895,0.7098752811286035,0.75605378125,0.687625,0.7068329177057358,0.7516610625000001,0.683125,0.6868951612903226,0.7054992499999999,0.6900000000000001,0.709975369458128,0.75527546875
2.2,880.091560125351,cifar10,0.86675,"[2, 4, 7, 8]","[3, 6]",100.0,0.618625,0.666946027489105,0.6366999062500001,0.67575,0.7055900621118012,0.7386187812500001,0.671375,0.7012855552181395,0.7329861875000001,0.6685000000000001,0.6854290569243839,0.6969844375000002,0.675,0.701188455008489,0.73797915625
2.3,880.8469159603119,cifar10,0.86325,"[2, 4, 7, 8]","[3, 6]",100.0,0.620625,0.6667777962993833,0.6338045000000001,0.670125,0.7032763239233465,0.73582825,0.6663749999999999,0.7015481089555164,0.73094859375,0.678625,0.6866593164277839,0.700542625,0.669125,0.7031868360758176,0.7354848125000001
2.4,880.3080615997314,cifar10,0.8745,"[2, 4, 7, 8]","[3, 6]",100.0,0.623875,0.6668891298907149,0.6396189375,0.673875,0.7071928707829407,0.7422716562499999,0.671375,0.7042553191489362,0.7378993125,0.67825,0.685924369747899,0.69713115625,0.6735,0.7074337977241305,0.7407622500000001
2.5,879.8102765083313,cifar10,0.86375,"[2, 4, 7, 8]","[3, 6]",100.0,0.6292500000000001,0.667228732821853,0.65160240625,0.681875,0.7125601282736503,0.7478454375,0.67675,0.7072506286672254,0.7422303750000001,0.6771250000000001,0.6904422253922967,0.7077201875,0.68275,0.7137204577050584,0.74813709375
3.1,880.3598630428314,cifar10,0.84125,"[2, 3, 6, 8]","[0, 5]",100.0,0.63575,0.6666666666666666,0.61614690625,0.746,0.7414888788016342,0.81911253125,0.746,0.7427691630924886,0.819602125,0.71025,0.6932809237194449,0.73475503125,0.7458750000000001,0.7420431782773201,0.8186791250000001
3.2,880.5142021179199,cifar10,0.83125,"[2, 3, 6, 8]","[0, 5]",100.0,0.62825,0.6666666666666666,0.6020444375,0.742125,0.7469907407407407,0.818617375,0.744125,0.747502583534275,0.81858215625,0.7085,0.696154753479594,0.7434944062500001,0.7437499999999999,0.7466177482228847,0.8187825
3.3,880.3004443645477,cifar10,0.8375,"[2, 3, 6, 8]","[0, 5]",100.0,0.624125,0.6666666666666666,0.5954843437500001,0.74125,0.737761434153068,0.8117488125,0.741625,0.739759572573464,0.81210821875,0.695875,0.6826237054085155,0.7216228124999999,0.741875,0.7399434659708634,0.8117924687500001
3.4,879.7130432128906,cifar10,0.8295,"[2, 3, 6, 8]","[0, 5]",100.0,0.622,0.6667222268522377,0.5880636875,0.728875,0.7319038028669588,0.8020394375,0.7295,0.7328610603290675,0.80288925,0.6917500000000001,0.6791985592075641,0.7219030937500001,0.7305000000000001,0.7322355064290549,0.8026170000000001
3.5,881.2309002876282,cifar10,0.84325,"[2, 3, 6, 8]","[0, 5]",100.0,0.6415,0.6666666666666666,0.6232879375,0.74675,0.7411214953271028,0.81804784375,0.744875,0.7411669927494533,0.8174344375,0.7172499999999999,0.7016484792198746,0.7499674375000001,0.7455,0.7425399028452463,0.8184024375
4.1,881.578962802887,cifar10,0.81625,"[3, 5, 7, 8]","[2, 4]",100.0,0.6234999999999999,0.6668335001668335,0.62998271875,0.6623749999999999,0.6947368421052632,0.72491703125,0.65975,0.6909980630033643,0.7217342499999999,0.641625,0.670093377880579,0.6577842187499999,0.6775,0.7038829951591308,0.7379779375000001
4.2,881.378075838089,cifar10,0.8015,"[3, 5, 7, 8]","[2, 4]",100.0,0.600375,0.6669486507063701,0.6043111875,0.6305000000000001,0.6838962310327948,0.6891707812500001,0.62925,0.6857089863674303,0.6859600937499999,0.6208750000000001,0.6677926026009119,0.62757925,0.646375,0.6845613402990451,0.7003762499999999
4.3,880.8872702121735,cifar10,0.8035,"[3, 5, 7, 8]","[2, 4]",100.0,0.621875,0.6677934589706751,0.63687934375,0.65675,0.6926683291770575,0.72062759375,0.65375,0.6900198281559815,0.7157965000000001,0.6471250000000001,0.6689642983386356,0.66185628125,0.67375,0.7035750766087845,0.7380090625000001
4.4,881.3207433223724,cifar10,0.80375,"[3, 5, 7, 8]","[2, 4]",100.0,0.6075,0.6677332435163355,0.61394890625,0.6452500000000001,0.6914112231906768,0.70764128125,0.6411250000000001,0.6904342994721734,0.70368496875,0.63925,0.6716756945657871,0.6496165937499999,0.6701250000000001,0.7027647365675534,0.7290599375
4.5,881.6271147727966,cifar10,0.814,"[3, 5, 7, 8]","[2, 4]",100.0,0.597,0.669069069069069,0.61193315625,0.626625,0.6840579710144928,0.6839640625,0.6265000000000001,0.6819389718684138,0.6796208125,0.610375,0.6671693055206501,0.618971,0.649125,0.6941457586618877,0.705646
5.1,881.0903162956238,cifar10,0.8825,"[0, 4, 5, 6]","[1, 3]",100.0,0.62625,0.666722254648545,0.632046875,0.6896249999999999,0.7170261405426896,0.7599366875,0.689875,0.7163967611336032,0.7594284375,0.66725,0.6839086453227656,0.6851203125,0.6895,0.7157915476307753,0.7597409375
5.2,881.4232909679413,cifar10,0.8745,"[0, 4, 5, 6]","[1, 3]",100.0,0.6243749999999999,0.6670005843559562,0.62963109375,0.69175,0.7184108130247799,0.76538234375,0.6890000000000001,0.7195789039116525,0.7648778437499999,0.674625,0.6818181818181818,0.68991371875,0.69,0.7183763689339898,0.7649727500000001
5.3,881.0931484699249,cifar10,0.8775,"[0, 4, 5, 6]","[1, 3]",100.0,0.6072500000000001,0.666722254648545,0.60784971875,0.7005,0.7234793439900352,0.77355528125,0.6995,0.7225596529284166,0.7731191249999999,0.684625,0.6894358974358974,0.7059650625,0.7,0.7222456732798648,0.773211375
5.4,881.1417982578278,cifar10,0.87825,"[0, 4, 5, 6]","[1, 3]",100.0,0.63675,0.6669449081803005,0.6417104375,0.704875,0.7209326317961416,0.7770280312500001,0.7035,0.720583433112006,0.7769885000000001,0.6776249999999999,0.6837008517092522,0.6906903437499999,0.703125,0.7207572684246112,0.77712125
5.5,881.5974762439728,cifar10,0.87225,"[0, 4, 5, 6]","[1, 3]",100.0,0.61275,0.6666666666666667,0.610565375,0.702,0.7285420944558522,0.777359,0.7032499999999999,0.7294238683127572,0.7777090625,0.673,0.677627151235458,0.68625384375,0.70225,0.7277327935222672,0.77763875
6.1,881.1480093002319,cifar10,0.8915,"[0, 3, 6, 9]","[1, 5]",100.0,0.659625,0.6667778519012675,0.671870125,0.71575,0.7211672070402964,0.78174428125,0.7138749999999999,0.7206320128234487,0.7810523125,0.711625,0.7093119320193556,0.7340051875,0.715625,0.7203912891580296,0.7811279999999998
6.2,881.9358987808228,cifar10,0.88625,"[0, 3, 6, 9]","[1, 5]",100.0,0.6515,0.6673356748620171,0.66901425,0.7036250000000001,0.7096917276557997,0.76178515625,0.702625,0.7077581594435527,0.76134575,0.693,0.6927877947295422,0.7113875937499999,0.7028749999999999,0.7079250106518961,0.7606866875
6.3,882.2519638538361,cifar10,0.88025,"[0, 3, 6, 9]","[1, 5]",100.0,0.6605,0.6667223242611455,0.6756220625,0.7093750000000001,0.7128934692505882,0.7660283125,0.708875,0.7136584238502427,0.76609990625,0.702625,0.7011830853929953,0.72427553125,0.7084999999999999,0.712694877505568,0.76520821875
6.4,881.791098356247,cifar10,0.88675,"[0, 3, 6, 9]","[1, 5]",100.0,0.6632499999999999,0.6668333750104193,0.67442715625,0.7028750000000001,0.7107438016528926,0.7638127812500001,0.70475,0.7116523293486761,0.7645390937500001,0.6905,0.6905381944444443,0.71026328125,0.7033750000000001,0.7104032078413901,0.7636680625000001
6.5,881.6027636528015,cifar10,0.88625,"[0, 3, 6, 9]","[1, 5]",100.0,0.6568750000000001,0.6667222268522377,0.6748871875,0.716625,0.7177076337586749,0.77630734375,0.7154999999999999,0.7179142889112677,0.7764542812499999,0.702375,0.699896871777243,0.7197760937500001,0.7162499999999999,0.7180057867794347,0.7759411875
7.1,881.5841281414032,cifar10,0.92775,"[1, 6, 8, 9]","[3, 4]",100.0,0.689125,0.6666666666666666,0.65448915625,0.8702500000000001,0.8723637693526759,0.9411829375,0.870375,0.8719193881267451,0.94186346875,0.768875,0.7673921247955717,0.7824391562499999,0.87,0.8714512001949555,0.9415931249999999
7.2,881.4782094955444,cifar10,0.932,"[1, 6, 8, 9]","[3, 4]",100.0,0.714125,0.6667777962993833,0.6977914375000001,0.8603750000000001,0.8653937947494034,0.9336904374999999,0.8608750000000001,0.8663736785841548,0.9349118749999998,0.740375,0.754520742229051,0.7496823437500001,0.8600000000000001,0.8665635043447208,0.9343400624999999
7.3,881.1230630874634,cifar10,0.92825,"[1, 6, 8, 9]","[3, 4]",100.0,0.673,0.6667222268522377,0.6437571875,0.864875,0.8659992763237244,0.93855725,0.86575,0.8672007768875941,0.9395001875,0.734,0.7405510851011949,0.74587596875,0.8645,0.8669016652485718,0.9391387499999999
7.4,881.8265731334686,cifar10,0.9215,"[1, 6, 8, 9]","[3, 4]",100.0,0.66725,0.6666666666666666,0.639439375,0.8478749999999999,0.8495742667928097,0.9243640000000001,0.849375,0.8508898508898509,0.9264230312499999,0.7064999999999999,0.7184354986276303,0.7152266875,0.8487500000000001,0.8501550942495826,0.925545
7.5,881.6319253444672,cifar10,0.929,"[1, 6, 8, 9]","[3, 4]",100.0,0.6977500000000001,0.6667777962993833,0.6677561562499998,0.856,0.8606391826066294,0.931369,0.857,0.8619860543399854,0.9325985625000002,0.7395,0.7481875302078299,0.7440643125,0.856375,0.861534795042898,0.9321028437499999
8.1,881.8723423480988,cifar10,0.8395,"[0, 2, 4, 6]","[5, 9]",100.0,0.613375,0.6666666666666666,0.562433625,0.762375,0.7774363476733976,0.8380399375,0.765125,0.7794357659128003,0.84112559375,0.676125,0.6769645448890732,0.6976610000000001,0.7697499999999999,0.7805437650567856,0.8456225625
8.2,881.6238143444061,cifar10,0.84375,"[0, 2, 4, 6]","[5, 9]",100.0,0.618125,0.6666666666666667,0.57790990625,0.76025,0.7778531073446329,0.83788696875,0.763625,0.7807868048590214,0.8407521875000001,0.683625,0.6799614023801867,0.70316896875,0.76925,0.7818710052295177,0.84510484375
8.3,881.4878373146057,cifar10,0.84725,"[0, 2, 4, 6]","[5, 9]",100.0,0.6285000000000001,0.6666666666666666,0.58283375,0.76825,0.7817281232801321,0.8411826250000002,0.7713749999999999,0.7847959754052544,0.84479684375,0.683125,0.6864664191697604,0.70703053125,0.7769999999999999,0.7896246987260416,0.8500949375
8.4,881.2370223999023,cifar10,0.848,"[0, 2, 4, 6]","[5, 9]",100.0,0.6232500000000001,0.6667222268522377,0.5814775625,0.7557499999999999,0.772599176241058,0.8333243749999999,0.756875,0.7747902774790277,0.8356914375,0.6848749999999999,0.6934620631755692,0.7153862499999999,0.7635,0.7773288439955107,0.8401553125000001
8.5,880.8182220458984,cifar10,0.85,"[0, 2, 4, 6]","[5, 9]",100.0,0.619375,0.6667222268522377,0.571113625,0.76575,0.7795922964297781,0.83616053125,0.7685,0.7834453976350568,0.8401116875000001,0.6796249999999999,0.6899456822968628,0.7097932499999999,0.77525,0.7859761686526122,0.8455540625
9.1,881.3536353111267,cifar10,0.8855,"[2, 5, 7, 9]","[0, 8]",100.0,0.6861250000000001,0.67421970454293,0.7224440624999999,0.6950000000000001,0.692454311021415,0.745203375,0.6957500000000001,0.6939890710382515,0.745595,0.682375,0.6865965834428385,0.6937974375,0.694,0.6913892078071183,0.744329625
9.2,881.8559651374817,cifar10,0.879,"[2, 5, 7, 9]","[0, 8]",100.0,0.679,0.6725099601593626,0.7210786875,0.687875,0.6861148801447309,0.7355053125000001,0.6875,0.6837367005728984,0.7337158125000001,0.68,0.6884285415358862,0.69291053125,0.6873750000000001,0.6855170878325726,0.73541621875
9.3,881.5248789787292,cifar10,0.87675,"[2, 5, 7, 9]","[0, 8]",100.0,0.68075,0.6763031099430573,0.72251446875,0.69275,0.6902093944538766,0.73949240625,0.6930000000000001,0.6899639619962871,0.73939296875,0.681375,0.6877434135166095,0.6915115,0.6928749999999999,0.688528210224136,0.7394306875000001
9.4,881.1121914386749,cifar10,0.87775,"[2, 5, 7, 9]","[0, 8]",100.0,0.674625,0.6710260601980959,0.71456590625,0.6833750000000001,0.6834620983092599,0.7263945312499999,0.6832500000000001,0.682427974488674,0.725882,0.672,0.6809389263203652,0.6847069062500001,0.684125,0.6826699078294337,0.72930453125
9.5,880.8831927776337,cifar10,0.871,"[2, 5, 7, 9]","[0, 8]",100.0,0.673875,0.6710150835711375,0.7133150624999999,0.68425,0.6834578441835646,0.7337918750000001,0.6835,0.6823071641107805,0.73284225,0.6817500000000001,0.6864163509013664,0.69522840625,0.6835,0.6838695746059166,0.7341900000000001
10.1,883.2510414123535,cifar10,0.91725,"[1, 2, 6, 8]","[4, 9]",100.0,0.673625,0.6667222268522377,0.6841665312499999,0.774,0.7795156992237283,0.85409840625,0.774125,0.7798815193402254,0.85468015625,0.7422500000000001,0.7343460540941091,0.7565276562500001,0.774375,0.7792928125722209,0.8543834999999999
10.2,881.0054578781128,cifar10,0.9175,"[1, 2, 6, 8]","[4, 9]",100.0,0.679875,0.6666666666666666,0.68433759375,0.7727499999999999,0.7786809103576404,0.85160828125,0.77375,0.7791691047396135,0.85206934375,0.757875,0.7485203374889813,0.77824703125,0.77425,0.7790036000464523,0.8519244375000001
10.3,881.5137059688568,cifar10,0.91875,"[1, 2, 6, 8]","[4, 9]",100.0,0.685125,0.6668890742285237,0.6983979375,0.78725,0.7906487434248978,0.8670450625,0.78625,0.7903780068728523,0.8669048437500001,0.7521250000000002,0.7460317460317462,0.76747509375,0.78575,0.7901380205261296,0.866993875
10.4,925.814444065094,cifar10,0.91975,"[1, 2, 6, 8]","[4, 9]",100.0,0.705375,0.6666666666666666,0.7204668125,0.782,0.7853553481694184,0.8607125625000001,0.782625,0.7863880597014926,0.8616821562500001,0.744125,0.7398652941924005,0.7562228437499999,0.7829999999999999,0.7857658090887232,0.8611689375
10.5,881.5960295200348,cifar10,0.91825,"[1, 2, 6, 8]","[4, 9]",100.0,0.67075,0.6667777962993833,0.6823334375,0.778125,0.7780141843971631,0.8563313125,0.7773749999999999,0.7787448465414567,0.8566206875000001,0.75,0.7412308076394957,0.76526346875,0.77825,0.7783783783783783,0.8564833125
11.1,881.6214184761047,cifar10,0.9515,"[0, 1, 6, 7]","[3, 9]",100.0,0.710875,0.6707644359795689,0.73367628125,0.7671250000000001,0.7720090293453725,0.8400019375000001,0.7665,0.76976108403661,0.8394568125,0.7461250000000001,0.7551537070524412,0.7563781875,0.76675,0.7704996414056897,0.8392118749999999
11.2,882.8103637695312,cifar10,0.95125,"[0, 1, 6, 7]","[3, 9]",100.0,0.7401249999999999,0.7173553719008264,0.77847959375,0.77225,0.7688611244593947,0.8413471875,0.7711250000000001,0.7660861151427188,0.8408372500000001,0.75475,0.766650808753568,0.7631869687499999,0.771625,0.7674671171714734,0.8406499062500001
11.3,882.014251947403,cifar10,0.951,"[0, 1, 6, 7]","[3, 9]",100.0,0.7273749999999999,0.6883757135443694,0.75734625,0.7775000000000001,0.7732490044506909,0.8473849062500001,0.775625,0.7717245581962217,0.84682228125,0.7517499999999999,0.7600289995166747,0.76383096875,0.77675,0.7720843960120566,0.8457046562499999
11.4,882.2646405696869,cifar10,0.94525,"[0, 1, 6, 7]","[3, 9]",100.0,0.7113750000000001,0.6762697131503788,0.7435665,0.76425,0.7665572973629847,0.8341448749999999,0.7625,0.764,0.83329053125,0.746875,0.7561709813365443,0.75829909375,0.763625,0.7648628973550109,0.83381259375
11.5,881.9202744960785,cifar10,0.94275,"[0, 1, 6, 7]","[3, 9]",100.0,0.726,0.6985257985257984,0.7637004999999999,0.7655000000000001,0.764825199856819,0.832834375,0.762875,0.76252516877887,0.83212934375,0.755,0.7645928417006965,0.763220625,0.7642500000000001,0.7643418233753868,0.8321402812500001
12.1,881.3425254821777,cifar10,0.89675,"[2, 6, 7, 8]","[3, 5]",100.0,0.680625,0.6874939921176584,0.7261766875,0.6833750000000001,0.692620320855615,0.7349118750000001,0.6785000000000001,0.6877487361514467,0.7283828437500001,0.709375,0.7104840559761413,0.72665209375,0.689375,0.6950448952444297,0.7449578125
12.2,883.3932204246521,cifar10,0.9015,"[2, 6, 7, 8]","[3, 5]",100.0,0.691875,0.6892494929006086,0.7448435,0.71325,0.7172653534183082,0.7726730625,0.7057499999999999,0.7134117647058824,0.7672444374999999,0.7306250000000001,0.7287619939152818,0.755692875,0.712,0.7191300280636109,0.7728381875000001
12.3,880.5514526367188,cifar10,0.895,"[2, 6, 7, 8]","[3, 5]",100.0,0.6861250000000001,0.6967921342735128,0.740452375,0.688,0.6871250576834335,0.7325570625,0.6857500000000001,0.681156069364162,0.72664665625,0.696,0.7063142437591776,0.7150690000000001,0.6905000000000001,0.6974358974358974,0.7492975000000001
12.4,881.0637180805206,cifar10,0.9005,"[2, 6, 7, 8]","[3, 5]",100.0,0.665125,0.6892213856856951,0.7195491875,0.6695,0.6834009826960051,0.7180960937499999,0.66675,0.67930557034828,0.7125588749999999,0.6872499999999999,0.702797973121833,0.70165125,0.67375,0.6899441340782122,0.73098684375
12.5,882.9416408538818,cifar10,0.9015,"[2, 6, 7, 8]","[3, 5]",100.0,0.665375,0.685109999055802,0.7114299999999999,0.6645000000000001,0.6817858232482455,0.7086207499999999,0.660125,0.6785127362366474,0.7032015,0.684375,0.6968124536693847,0.6981375937500001,0.668625,0.6850640113798009,0.71967203125
13.1,879.9935600757599,cifar10,0.91625,"[1, 5, 6, 7]","[4, 8]",100.0,0.6639999999999999,0.6666666666666666,0.6757669062499999,0.7515000000000001,0.7635860159224644,0.8320629374999999,0.7535000000000001,0.7617846083266431,0.831854875,0.712875,0.7133150554297293,0.7256734375,0.752875,0.7601891465886061,0.83251875
13.2,882.9588859081268,cifar10,0.9135,"[1, 5, 6, 7]","[4, 8]",100.0,0.666,0.6669451173669702,0.6802945,0.751125,0.7672138371708717,0.8321133749999999,0.749,0.7661582354877647,0.83107778125,0.7205,0.7251206619168008,0.73936125,0.7497499999999999,0.7660505304604616,0.831210875
13.3,879.9716846942902,cifar10,0.9125,"[1, 5, 6, 7]","[4, 8]",100.0,0.646,0.6668334167083542,0.66285475,0.75,0.7614657755243144,0.82824703125,0.749875,0.7599954175736053,0.8273484687499999,0.7205,0.7217421361908054,0.7373000937499999,0.753375,0.760493241640977,0.8273007812500001
13.4,879.725962638855,cifar10,0.90525,"[1, 5, 6, 7]","[4, 8]",100.0,0.640625,0.6666666666666666,0.64408075,0.748125,0.7638013054541432,0.8274609687500001,0.7473749999999999,0.7627773484932112,0.8268916562499999,0.70975,0.7086720867208672,0.7239294375,0.749375,0.7633670913644778,0.8275510312500001
13.5,879.8237817287445,cifar10,0.91425,"[1, 5, 6, 7]","[4, 8]",100.0,0.65425,0.6668890185941799,0.6647535625,0.7414999999999999,0.7571318427139553,0.821085625,0.7406250000000001,0.7574840228725194,0.8210386875,0.7105,0.7129209457845713,0.7211755937500001,0.74175,0.7567872028838574,0.82161896875
14.1,879.6146376132965,cifar10,0.912,"[0, 5, 6, 9]","[2, 3]",100.0,0.6308750000000001,0.6741752394466123,0.6532693749999999,0.668375,0.6917004048582998,0.72059240625,0.6619999999999999,0.6935593880931501,0.7176871875,0.6821250000000001,0.6971441222050033,0.69465334375,0.6657500000000001,0.6899617491988007,0.7178335
14.2,881.4702045917511,cifar10,0.92025,"[0, 5, 6, 9]","[2, 3]",100.0,0.621,0.6691462676239079,0.64392959375,0.6661250000000001,0.6969364334896716,0.7166962187499999,0.660625,0.6988048609018782,0.713836125,0.6765,0.6941711625938856,0.68986975,0.6646249999999999,0.6954713056632315,0.7145098750000001
14.3,881.2568340301514,cifar10,0.91625,"[0, 5, 6, 9]","[2, 3]",100.0,0.63425,0.6720458094742321,0.65305534375,0.671875,0.7040952478702659,0.73014640625,0.6649999999999999,0.7031388369575913,0.7262596562500001,0.68975,0.7050230362962129,0.707308125,0.675,0.7024713811918263,0.7246880000000001
14.4,881.0399086475372,cifar10,0.91825,"[0, 5, 6, 9]","[2, 3]",100.0,0.6331249999999999,0.6699877643768573,0.6528249374999999,0.66375,0.7011764705882354,0.72119515625,0.6597500000000001,0.6990410120383596,0.7176526249999999,0.69025,0.704100806897314,0.707289,0.6615,0.6984126984126984,0.71962153125
14.5,881.2351567745209,cifar10,0.91775,"[0, 5, 6, 9]","[2, 3]",100.0,0.63325,0.6697649947386882,0.65420009375,0.671875,0.6990311710193766,0.7198270312499999,0.665125,0.6985815602836879,0.71668071875,0.681,0.6994462901439646,0.6936728749999999,0.669875,0.6979035639412997,0.71718459375
15.1,881.391667842865,cifar10,0.81925,"[1, 3, 5, 7]","[2, 8]",100.0,0.615875,0.6670003336670003,0.58716034375,0.7245,0.7444395017793595,0.79886771875,0.7252500000000001,0.7437466451959205,0.7998503125,0.6688750000000001,0.6687713310580203,0.67329503125,0.7282500000000001,0.7469905650146406,0.80285221875
15.2,880.8649237155914,cifar10,0.8365,"[1, 3, 5, 7]","[2, 8]",100.0,0.615125,0.6667222963951935,0.5946126250000001,0.72325,0.745744096650192,0.7993011562500001,0.722,0.7470247843651056,0.79996696875,0.6507499999999999,0.6672246401071309,0.65914728125,0.732125,0.7498082191780822,0.8063895624999999
15.3,880.8439490795135,cifar10,0.8245,"[1, 3, 5, 7]","[2, 8]",100.0,0.6125,0.6666666666666666,0.58374503125,0.7286250000000001,0.7495751911639762,0.80616653125,0.73025,0.7510351417347915,0.8067474375,0.6712499999999999,0.6695468171398342,0.6778550312499999,0.7330000000000001,0.7512976754682916,0.8098964687500001
15.4,881.1312575340271,cifar10,0.81525,"[1, 3, 5, 7]","[2, 8]",100.0,0.6087500000000001,0.6667222685571309,0.578792375,0.7282500000000001,0.7450667275008556,0.7992822500000001,0.727125,0.7453656317525303,0.79920840625,0.658625,0.6681980602348138,0.67153521875,0.731375,0.7468504360934641,0.8034711562500001
15.5,881.2028584480286,cifar10,0.83325,"[1, 3, 5, 7]","[2, 8]",100.0,0.6168750000000001,0.6667779075588186,0.5793564375,0.7293750000000001,0.7525191008747647,0.8037631875,0.7301250000000001,0.7526881720430109,0.80466371875,0.670625,0.6708658054873492,0.68521934375,0.732125,0.7549873250303096,0.8091265625
16.1,880.8677172660828,cifar10,0.86575,"[0, 3, 7, 8]","[5, 6]",100.0,0.682125,0.6701517015170151,0.7134905625,0.72725,0.7150118603863097,0.7856763437500001,0.72325,0.7122473246135553,0.7819789375,0.7165000000000001,0.7081081081081082,0.74332303125,0.725875,0.7146192329071706,0.7848526874999999
16.2,881.0352487564087,cifar10,0.88025,"[0, 3, 7, 8]","[5, 6]",100.0,0.694625,0.6743515850144093,0.72485328125,0.7322500000000001,0.7189030362389814,0.7926861249999999,0.731375,0.7142140887440462,0.78889140625,0.72625,0.7158103747828245,0.75093703125,0.732375,0.7178924259055983,0.7904808125
16.3,881.7228238582611,cifar10,0.88225,"[0, 3, 7, 8]","[5, 6]",100.0,0.6837500000000001,0.6693975422120091,0.7114168125,0.73325,0.727007299270073,0.7987915937500001,0.732625,0.7241958713394143,0.7957900312499999,0.722375,0.7158366768940287,0.7458569687500001,0.7337499999999999,0.7269721303731697,0.7976684687500001
16.4,881.5958445072174,cifar10,0.883,"[0, 3, 7, 8]","[5, 6]",100.0,0.660625,0.6667778240933722,0.68562321875,0.740875,0.7311657414750199,0.8028212187500001,0.7395,0.7279748974173303,0.79883884375,0.7144999999999999,0.7144506001846721,0.75048503125,0.7413749999999999,0.7294348412406522,0.8037149375
16.5,881.262686252594,cifar10,0.883,"[0, 3, 7, 8]","[5, 6]",100.0,0.682625,0.6707246376811594,0.7145031875000002,0.73,0.7191891269292789,0.7926460000000001,0.7295,0.7169459962756052,0.78934378125,0.719625,0.7138892240859177,0.7455135937499999,0.73,0.7194921232071478,0.7926861250000001
17.1,880.7245042324066,cifar10,0.905,"[3, 4, 8, 9]","[0, 7]",100.0,0.632125,0.6672228247267874,0.6621029374999999,0.651,0.6758346150366417,0.693323625,0.6481250000000001,0.6760233918128655,0.69194475,0.6347499999999999,0.6671136439825679,0.63947159375,0.6497499999999999,0.6718470882458021,0.6911811875
17.2,880.9989004135132,cifar10,0.89125,"[3, 4, 8, 9]","[0, 7]",100.0,0.645625,0.6668890742285237,0.675580375,0.659625,0.6810187409899088,0.70513484375,0.6583749999999999,0.6805596903840428,0.7038298125000001,0.657,0.6771945109997821,0.6658006875,0.659625,0.6787434958566199,0.7008266875
17.3,880.5923314094543,cifar10,0.9005,"[3, 4, 8, 9]","[0, 7]",100.0,0.6351249999999999,0.6699782135076252,0.66745596875,0.6492499999999999,0.6780092803202621,0.69159090625,0.646625,0.677331394291947,0.68963653125,0.635875,0.6728274059553814,0.6451142500000001,0.646875,0.6754280425728828,0.6892978125
17.4,881.0009512901306,cifar10,0.8965,"[3, 4, 8, 9]","[0, 7]",100.0,0.638375,0.6705446853516658,0.6788488125000001,0.6507499999999999,0.6742695570216777,0.6967040312499999,0.6496249999999999,0.6738338824345413,0.69423328125,0.655625,0.6769132923468307,0.6642943750000001,0.65175,0.6687216371264664,0.69406996875
17.5,880.8715026378632,cifar10,0.89875,"[3, 4, 8, 9]","[0, 7]",100.0,0.642,0.6697896260965847,0.6807731875,0.6637500000000001,0.6812274762476794,0.715028,0.6615,0.6810880274148641,0.7129075312500001,0.662625,0.6819976312672721,0.6744904375,0.66275,0.6808236808236808,0.7120541874999999
18.1,881.2200284004211,cifar10,0.935,"[4, 6, 8, 9]","[1, 2]",100.0,0.6995,0.6668889629876625,0.72408775,0.766125,0.7713310580204777,0.8383444062500001,0.767,0.7726951190756897,0.8390608749999999,0.742875,0.7475716793446462,0.7631998124999999,0.766375,0.7710441719252292,0.8382174687499999
18.2,881.3218016624451,cifar10,0.933,"[4, 6, 8, 9]","[1, 2]",100.0,0.684625,0.6666666666666666,0.6992566250000001,0.766,0.7724988579259936,0.8395611875000001,0.766,0.7717566016073478,0.8391245937500001,0.751875,0.7578078962875663,0.7822262499999999,0.766,0.771965579710145,0.8383241875
18.3,881.3598709106445,cifar10,0.93225,"[4, 6, 8, 9]","[1, 2]",100.0,0.7204999999999999,0.6940581542351453,0.7529323124999999,0.761375,0.7686944788035535,0.8360923437500001,0.76275,0.7673844773441006,0.83613125,0.742125,0.7487009919697686,0.7622456875,0.7626250000000001,0.7677290368105374,0.8351480937500001
18.4,880.6430742740631,cifar10,0.926,"[4, 6, 8, 9]","[1, 2]",100.0,0.7132499999999999,0.6791712639450779,0.7410479375,0.75925,0.7655967450271248,0.8357077500000001,0.760625,0.765259293253786,0.835921625,0.74125,0.7469226425748164,0.7674026875,0.76025,0.7653072946582423,0.8341365000000001
18.5,880.9722018241882,cifar10,0.9305,"[4, 6, 8, 9]","[1, 2]",100.0,0.694375,0.6667222407469157,0.7120245,0.766875,0.7754962354551675,0.8430429687500001,0.7695000000000001,0.7752897490716778,0.8435229375000001,0.7444999999999999,0.748936170212766,0.76592596875,0.76825,0.7751708428246015,0.8429193125
19.1,881.0515723228455,cifar10,0.8625,"[2, 3, 7, 8]","[0, 9]",100.0,0.6105,0.6701660786507184,0.6432468749999999,0.67425,0.7019929223319055,0.7374908125,0.67025,0.7025076339409643,0.7335014687500001,0.6593749999999999,0.6689366669909524,0.66415615625,0.6715,0.7021276595744681,0.7352379375000001
19.2,880.3646929264069,cifar10,0.856,"[2, 3, 7, 8]","[0, 9]",100.0,0.61275,0.6688124682364899,0.6470155000000001,0.678,0.6976569116401617,0.7429125,0.67475,0.6994678368032864,0.74000853125,0.6755,0.674406332453826,0.6884278437499999,0.6776249999999999,0.6964064436183396,0.74111603125
19.3,881.2758169174194,cifar10,0.85875,"[2, 3, 7, 8]","[0, 9]",100.0,0.6107499999999999,0.6700625558534405,0.6447446875,0.685,0.6990864103540161,0.7459747812499999,0.6825,0.6999356676776031,0.7435507187500001,0.6595,0.6667777962993833,0.6648923437500001,0.6835,0.6988861619784784,0.7444659375000001
19.4,881.1357243061066,cifar10,0.8425,"[2, 3, 7, 8]","[0, 9]",100.0,0.603375,0.6695149087672453,0.640673875,0.678125,0.6991116991116991,0.7401590625000001,0.67425,0.6998809414781573,0.73704265625,0.661875,0.6685159500693482,0.6710478125,0.676375,0.6953730944102702,0.73843075
19.5,881.8127179145813,cifar10,0.86,"[2, 3, 7, 8]","[0, 9]",100.0,0.6174999999999999,0.6672842105263157,0.643337375,0.66375,0.6993706034801926,0.72959615625,0.65975,0.6991693752257132,0.7254327187499999,0.6575,0.6677289500167729,0.66117634375,0.6625000000000001,0.6996036501060006,0.727533125
20.1,881.0499589443207,cifar10,0.86,"[3, 4, 7, 8]","[2, 9]",100.0,0.643875,0.6667222268522377,0.625553,0.742375,0.7485930860227401,0.82321159375,0.74575,0.7515908555267499,0.8260847499999999,0.704875,0.6988649525133195,0.72919759375,0.7468750000000001,0.7563710499490316,0.8298111875000002
20.2,880.857584476471,cifar10,0.85475,"[3, 4, 7, 8]","[2, 9]",100.0,0.6252500000000001,0.6666666666666666,0.60875775,0.7210000000000001,0.7384277075316108,0.7980033125,0.7230000000000001,0.7396780199320995,0.8007321249999999,0.671625,0.6677553982943205,0.6801230625000001,0.729125,0.7428698752228164,0.8065243750000002
20.3,881.683073759079,cifar10,0.855,"[3, 4, 7, 8]","[2, 9]",100.0,0.6295000000000001,0.6666666666666666,0.6200288125000001,0.731625,0.7388750847074768,0.8101450937500001,0.73375,0.7410270568746549,0.81258409375,0.6897500000000001,0.6807399841107706,0.7008617187499999,0.736375,0.7426236949614161,0.81544375
20.4,883.0560510158539,cifar10,0.86075,"[3, 4, 7, 8]","[2, 9]",100.0,0.622625,0.6667777962993833,0.6106650625000001,0.736875,0.7482109435208631,0.8157358125,0.738625,0.7493747961291726,0.8180342187499999,0.655875,0.6719522432608898,0.66482109375,0.740125,0.7494310423304507,0.8212508437499999
20.5,880.5520384311676,cifar10,0.8585,"[3, 4, 7, 8]","[2, 9]",100.0,0.641,0.6666666666666667,0.6314208125,0.7364999999999999,0.7444712064812787,0.8149999687499999,0.7382500000000001,0.7449794860721226,0.8162044999999999,0.6935,0.6935846631680412,0.7160153750000001,0.7415,0.7424764530209053,0.8177325
